akibas trip,urara,nyanco,little witch
http://anicobin.ldblog.jp/archives/50374105.html,http://anicobin.ldblog.jp/archives/50384030.html,http://anicobin.ldblog.jp/archives/50399086.html,http://anicobin.ldblog.jp/archives/50401196.html
http://anicobin.ldblog.jp/archives/50422147.html,http://anicobin.ldblog.jp/archives/50433276.html,http://anicobin.ldblog.jp/archives/50446919.html,http://anicobin.ldblog.jp/archives/50447773.html
http://anicobin.ldblog.jp/archives/50470373.html,http://anicobin.ldblog.jp/archives/50482891.html,http://anicobin.ldblog.jp/archives/50496738.html,http://anicobin.ldblog.jp/archives/50500668.html
http://anicobin.ldblog.jp/archives/50518398.html,http://anicobin.ldblog.jp/archives/50532468.html,http://anicobin.ldblog.jp/archives/50545380.html,http://anicobin.ldblog.jp/archives/50545886.html
http://anicobin.ldblog.jp/archives/50567553.html,http://anicobin.ldblog.jp/archives/50581642.html,http://anicobin.ldblog.jp/archives/50594592.html,http://anicobin.ldblog.jp/archives/50600366.html
http://anicobin.ldblog.jp/archives/50616360.html,http://anicobin.ldblog.jp/archives/50628198.html,http://anicobin.ldblog.jp/archives/50643206.html,http://anicobin.ldblog.jp/archives/50643608.html
http://anicobin.ldblog.jp/archives/50665193.html,http://anicobin.ldblog.jp/archives/50678381.html,http://anicobin.ldblog.jp/archives/50692675.html,http://anicobin.ldblog.jp/archives/50694722.html
http://anicobin.ldblog.jp/archives/50714595.html,http://anicobin.ldblog.jp/archives/50727644.html,http://anicobin.ldblog.jp/archives/50740975.html,http://anicobin.ldblog.jp/archives/50741686.html
http://anicobin.ldblog.jp/archives/50763072.html,http://anicobin.ldblog.jp/archives/50775411.html,http://anicobin.ldblog.jp/archives/50788955.html,http://anicobin.ldblog.jp/archives/50795334.html
http://anicobin.ldblog.jp/archives/50811869.html,http://anicobin.ldblog.jp/archives/50824989.html,http://anicobin.ldblog.jp/archives/50840601.html,http://anicobin.ldblog.jp/archives/50841020.html
http://anicobin.ldblog.jp/archives/50862523.html,http://anicobin.ldblog.jp/archives/50876952.html,http://anicobin.ldblog.jp/archives/50889563.html,http://anicobin.ldblog.jp/archives/50889867.html
http://anicobin.ldblog.jp/archives/50911957.html,http://anicobin.ldblog.jp/archives/50927903.html,http://anicobin.ldblog.jp/archives/50940408.html,http://anicobin.ldblog.jp/archives/50940639.html
http://anicobin.ldblog.jp/archives/50962737.html,,,http://anicobin.ldblog.jp/archives/50991291.html