gundam tekketu,SB69,sutera no maho,takkyu musume,eupho,flip flappers,keijo,girllish number
http://anicobin.ldblog.jp/archives/49682973.html,http://anicobin.ldblog.jp/archives/49683160.html,http://anicobin.ldblog.jp/archives/49699911.html,http://anicobin.ldblog.jp/archives/49697443.html,http://anicobin.ldblog.jp/archives/49707229.html,http://anicobin.ldblog.jp/archives/49711887.html,http://anicobin.ldblog.jp/archives/49713701.html,http://anicobin.ldblog.jp/archives/49713245.html
http://anicobin.ldblog.jp/archives/49734694.html,http://anicobin.ldblog.jp/archives/49732921.html,http://anicobin.ldblog.jp/archives/49750670.html,http://anicobin.ldblog.jp/archives/49747601.html,http://anicobin.ldblog.jp/archives/49705726.html,http://anicobin.ldblog.jp/archives/49763933.html,http://anicobin.ldblog.jp/archives/49767451.html,http://anicobin.ldblog.jp/archives/49767596.html
http://anicobin.ldblog.jp/archives/49788164.html,http://anicobin.ldblog.jp/archives/49788348.html,http://anicobin.ldblog.jp/archives/49808090.html,http://anicobin.ldblog.jp/archives/49803050.html,http://anicobin.ldblog.jp/archives/49756435.html,http://anicobin.ldblog.jp/archives/49821052.html,http://anicobin.ldblog.jp/archives/49824076.html,http://anicobin.ldblog.jp/archives/49822442.html
http://anicobin.ldblog.jp/archives/49842958.html,http://anicobin.ldblog.jp/archives/49843118.html,http://anicobin.ldblog.jp/archives/49860258.html,http://anicobin.ldblog.jp/archives/49856351.html,http://anicobin.ldblog.jp/archives/49816601.html,http://anicobin.ldblog.jp/archives/49871433.html,http://anicobin.ldblog.jp/archives/49873878.html,http://anicobin.ldblog.jp/archives/49872687.html
http://anicobin.ldblog.jp/archives/49892640.html,http://anicobin.ldblog.jp/archives/49892801.html,http://anicobin.ldblog.jp/archives/49909358.html,http://anicobin.ldblog.jp/archives/49907043.html,http://anicobin.ldblog.jp/archives/49865228.html,http://anicobin.ldblog.jp/archives/49921630.html,http://anicobin.ldblog.jp/archives/49924936.html,http://anicobin.ldblog.jp/archives/49922848.html
http://anicobin.ldblog.jp/archives/49942385.html,http://anicobin.ldblog.jp/archives/49944827.html,http://anicobin.ldblog.jp/archives/49959068.html,http://anicobin.ldblog.jp/archives/49955768.html,http://anicobin.ldblog.jp/archives/49915117.html,http://anicobin.ldblog.jp/archives/49974161.html,http://anicobin.ldblog.jp/archives/49975270.html,http://anicobin.ldblog.jp/archives/49973993.html
http://anicobin.ldblog.jp/archives/49994879.html,http://anicobin.ldblog.jp/archives/49998366.html,http://anicobin.ldblog.jp/archives/50011503.html,http://anicobin.ldblog.jp/archives/50008681.html,http://anicobin.ldblog.jp/archives/49966286.html,http://anicobin.ldblog.jp/archives/50025367.html,http://anicobin.ldblog.jp/archives/50027509.html,http://anicobin.ldblog.jp/archives/50026630.html
http://anicobin.ldblog.jp/archives/50047460.html,http://anicobin.ldblog.jp/archives/50047491.html,http://anicobin.ldblog.jp/archives/50064751.html,http://anicobin.ldblog.jp/archives/50061047.html,http://anicobin.ldblog.jp/archives/50017172.html,http://anicobin.ldblog.jp/archives/50077897.html,http://anicobin.ldblog.jp/archives/50079177.html,http://anicobin.ldblog.jp/archives/50110199.html
http://anicobin.ldblog.jp/archives/50097538.html,http://anicobin.ldblog.jp/archives/50097383.html,http://anicobin.ldblog.jp/archives/50064751.html,http://anicobin.ldblog.jp/archives/50112451.html,http://anicobin.ldblog.jp/archives/50069933.html,http://anicobin.ldblog.jp/archives/50129064.html,http://anicobin.ldblog.jp/archives/50132083.html,http://anicobin.ldblog.jp/archives/50130451.html
http://anicobin.ldblog.jp/archives/50150082.html,http://anicobin.ldblog.jp/archives/50150543.html,http://anicobin.ldblog.jp/archives/50167670.html,http://anicobin.ldblog.jp/archives/50162103.html,http://anicobin.ldblog.jp/archives/50122424.html,http://anicobin.ldblog.jp/archives/50179536.html,http://anicobin.ldblog.jp/archives/50181213.html,http://anicobin.ldblog.jp/archives/50180772.html
http://anicobin.ldblog.jp/archives/50200369.html,http://anicobin.ldblog.jp/archives/50200675.html,http://anicobin.ldblog.jp/archives/50217821.html,http://anicobin.ldblog.jp/archives/50210099.html,http://anicobin.ldblog.jp/archives/50172801.html,http://anicobin.ldblog.jp/archives/50229431.html,http://anicobin.ldblog.jp/archives/50232091.html,http://anicobin.ldblog.jp/archives/50230746.html
http://anicobin.ldblog.jp/archives/50250017.html,http://anicobin.ldblog.jp/archives/50250241.html,http://anicobin.ldblog.jp/archives/50271342.html,http://anicobin.ldblog.jp/archives/50265691.html,http://anicobin.ldblog.jp/archives/50223161.html,http://anicobin.ldblog.jp/archives/50279279.html,http://anicobin.ldblog.jp/archives/50281151.html,http://anicobin.ldblog.jp/archives/50280709.html
http://anicobin.ldblog.jp/archives/50302977.html,,,,http://anicobin.ldblog.jp/archives/50272796.html,http://anicobin.ldblog.jp/archives/50332935.html,,
http://anicobin.ldblog.jp/archives/50446688.html,,,,http://anicobin.ldblog.jp/archives/50326022.html,,,
http://anicobin.ldblog.jp/archives/50496559.html,,,,,,,
http://anicobin.ldblog.jp/archives/50545393.html,,,,,,,
http://anicobin.ldblog.jp/archives/50594261.html,,,,,,,
http://anicobin.ldblog.jp/archives/50642835.html,,,,,,,
http://anicobin.ldblog.jp/archives/50691836.html,,,,,,,
http://anicobin.ldblog.jp/archives/50741446.html,,,,,,,
http://anicobin.ldblog.jp/archives/50789810.html,,,,,,,
http://anicobin.ldblog.jp/archives/50840603.html,,,,,,,
http://anicobin.ldblog.jp/archives/50890218.html,,,,,,,
http://anicobin.ldblog.jp/archives/50940371.html,,,,,,,
http://anicobin.ldblog.jp/archives/50990420.html,,,,,,,