masamune kun no yabo,gabdro,kemono friends,maidragon,youjo-senki
http://anicobin.ldblog.jp/archives/50380471.html,http://anicobin.ldblog.jp/archives/50409179.html,http://anicobin.ldblog.jp/archives/50414118.html,http://anicobin.ldblog.jp/archives/50424151.html,http://anicobin.ldblog.jp/archives/50387773.html
http://anicobin.ldblog.jp/archives/50429689.html,http://anicobin.ldblog.jp/archives/50458431.html,http://anicobin.ldblog.jp/archives/50463966.html,http://anicobin.ldblog.jp/archives/50474926.html,http://anicobin.ldblog.jp/archives/50436104.html
http://anicobin.ldblog.jp/archives/50478774.html,http://anicobin.ldblog.jp/archives/50505577.html,http://anicobin.ldblog.jp/archives/50511961.html,http://anicobin.ldblog.jp/archives/50518640.html,http://anicobin.ldblog.jp/archives/50485609.html
http://anicobin.ldblog.jp/archives/50528708.html,http://anicobin.ldblog.jp/archives/50554665.html,http://anicobin.ldblog.jp/archives/50560807.html,http://anicobin.ldblog.jp/archives/50571669.html,http://anicobin.ldblog.jp/archives/50534524.html
http://anicobin.ldblog.jp/archives/50575811.html,http://anicobin.ldblog.jp/archives/50603877.html,http://anicobin.ldblog.jp/archives/50609946.html,http://anicobin.ldblog.jp/archives/50620686.html,http://anicobin.ldblog.jp/archives/50581979.html
http://anicobin.ldblog.jp/archives/50624838.html,http://anicobin.ldblog.jp/archives/50653983.html,http://anicobin.ldblog.jp/archives/50658595.html,http://anicobin.ldblog.jp/archives/50667576.html,http://anicobin.ldblog.jp/archives/50631710.html
http://anicobin.ldblog.jp/archives/50675705.html,http://anicobin.ldblog.jp/archives/50702167.html,http://anicobin.ldblog.jp/archives/50707760.html,http://anicobin.ldblog.jp/archives/50715257.html,http://anicobin.ldblog.jp/archives/50730349.html
http://anicobin.ldblog.jp/archives/50723511.html,http://anicobin.ldblog.jp/archives/50750969.html,http://anicobin.ldblog.jp/archives/50759173.html,http://anicobin.ldblog.jp/archives/50766939.html,http://anicobin.ldblog.jp/archives/50777399.html
http://anicobin.ldblog.jp/archives/50771621.html,http://anicobin.ldblog.jp/archives/50799548.html,http://anicobin.ldblog.jp/archives/50805086.html,http://anicobin.ldblog.jp/archives/50812181.html,http://anicobin.ldblog.jp/archives/50828425.html
http://anicobin.ldblog.jp/archives/50820295.html,http://anicobin.ldblog.jp/archives/50850471.html, http://anicobin.ldblog.jp/archives/50856272.html,http://anicobin.ldblog.jp/archives/50862806.html,http://anicobin.ldblog.jp/archives/50878143.html
http://anicobin.ldblog.jp/archives/50870948.html,http://anicobin.ldblog.jp/archives/50899180.html,http://anicobin.ldblog.jp/archives/50905070.html,http://anicobin.ldblog.jp/archives/50912341.html,http://anicobin.ldblog.jp/archives/50928781.html
http://anicobin.ldblog.jp/archives/50922065.html,http://anicobin.ldblog.jp/archives/50950272.html,http://anicobin.ldblog.jp/archives/50959991.html,http://anicobin.ldblog.jp/archives/50964140.html,http://anicobin.ldblog.jp/archives/50978194.html
,,,http://anicobin.ldblog.jp/archives/51013666.html,
